"Inefficient regular expression","A regular expression that requires exponential time to match certain inputs can be a performance bottleneck, and may be vulnerable to denial-of-service attacks.","error","This part of the regular expression may cause exponential backtracking on strings containing many repetitions of '\\\n'.","/modules/community/screenswiki/public/js/prettify/lang-css.js","4","15","4","59"
"Inefficient regular expression","A regular expression that requires exponential time to match certain inputs can be a performance bottleneck, and may be vulnerable to denial-of-service attacks.","error","This part of the regular expression may cause exponential backtracking on strings containing many repetitions of '\\\n'.","/modules/community/screenswiki/public/js/prettify/lang-css.js","5","15","5","59"
"Inefficient regular expression","A regular expression that requires exponential time to match certain inputs can be a performance bottleneck, and may be vulnerable to denial-of-service attacks.","error","This part of the regular expression may cause exponential backtracking on strings containing many repetitions of '\\\n'.","/themes/downloaded/calipso/public/js/prettify/lang-css.js","4","15","4","59"
"Inefficient regular expression","A regular expression that requires exponential time to match certain inputs can be a performance bottleneck, and may be vulnerable to denial-of-service attacks.","error","This part of the regular expression may cause exponential backtracking on strings containing many repetitions of '\\\n'.","/themes/downloaded/calipso/public/js/prettify/lang-css.js","5","15","5","59"
"Inefficient regular expression","A regular expression that requires exponential time to match certain inputs can be a performance bottleneck, and may be vulnerable to denial-of-service attacks.","error","This part of the regular expression may cause exponential backtracking on strings containing many repetitions of '\\\n'.","/themes/downloaded/whichten/public/js/prettify/lang-css.js","4","15","4","59"
"Inefficient regular expression","A regular expression that requires exponential time to match certain inputs can be a performance bottleneck, and may be vulnerable to denial-of-service attacks.","error","This part of the regular expression may cause exponential backtracking on strings containing many repetitions of '\\\n'.","/themes/downloaded/whichten/public/js/prettify/lang-css.js","5","15","5","59"
"Inefficient regular expression","A regular expression that requires exponential time to match certain inputs can be a performance bottleneck, and may be vulnerable to denial-of-service attacks.","error","This part of the regular expression may cause exponential backtracking on strings containing many repetitions of '\\\n'.","/tmp/iancrowther-whichten-df2aeef/public/js/prettify/lang-css.js","4","15","4","59"
"Inefficient regular expression","A regular expression that requires exponential time to match certain inputs can be a performance bottleneck, and may be vulnerable to denial-of-service attacks.","error","This part of the regular expression may cause exponential backtracking on strings containing many repetitions of '\\\n'.","/tmp/iancrowther-whichten-df2aeef/public/js/prettify/lang-css.js","5","15","5","59"
"Potentially unsafe external link","External links that open in a new tab or window but do not specify link type 'noopener' or 'noreferrer' are a potential security risk.","warning","External links without noopener/noreferrer are a potential security risk.","/modules/community/calipso-repo/templates/show.html","60","42","60","108"
"Client-side URL redirect","Client-side URL redirection based on unvalidated user input may cause redirection to malicious web sites.","error","Untrusted URL redirection due to [[""user-provided value""|""relative:///modules/core/aloha/public/lib/aloha-bare.js:73310:12:73310:24""]].","/modules/core/aloha/public/lib/aloha-bare.js","73311","27","73311","32"
"Client-side URL redirect","Client-side URL redirection based on unvalidated user input may cause redirection to malicious web sites.","error","Untrusted URL redirection due to [[""user-provided value""|""relative:///modules/core/aloha/public/lib/aloha-full.js:84796:12:84796:24""]].","/modules/core/aloha/public/lib/aloha-full.js","84797","27","84797","32"
"Client-side URL redirect","Client-side URL redirection based on unvalidated user input may cause redirection to malicious web sites.","error","Untrusted URL redirection due to [[""user-provided value""|""relative:///modules/core/aloha/public/lib/aloha.js:75468:12:75468:24""]].","/modules/core/aloha/public/lib/aloha.js","75470","27","75470","32"
"Prototype pollution in utility function","Recursively assigning properties on objects may cause accidental modification of a built-in prototype object.","warning","Properties are copied from [[""source""|""relative:///modules/core/aloha/public/lib/aloha-bare.js:45777:22:45777:27""]] to [[""target""|""relative:///modules/core/aloha/public/lib/aloha-bare.js:45779:17:45779:22""]] without guarding against prototype pollution.","/modules/core/aloha/public/lib/aloha-bare.js","45779","17","45779","22"
"Prototype pollution in utility function","Recursively assigning properties on objects may cause accidental modification of a built-in prototype object.","warning","Properties are copied from [[""obj""|""relative:///modules/core/aloha/public/lib/aloha-full.js:91:22:91:24""]] to [[""target""|""relative:///modules/core/aloha/public/lib/aloha-full.js:117:25:117:30""]] without guarding against prototype pollution.","/modules/core/aloha/public/lib/aloha-full.js","117","25","117","30"
"Prototype pollution in utility function","Recursively assigning properties on objects may cause accidental modification of a built-in prototype object.","warning","Properties are copied from [[""options""|""relative:///modules/core/aloha/public/lib/aloha-full.js:2407:18:2407:24""]] to [[""target""|""relative:///modules/core/aloha/public/lib/aloha-full.js:2431:6:2431:11""]] without guarding against prototype pollution.","/modules/core/aloha/public/lib/aloha-full.js","2431","6","2431","11"
"Prototype pollution in utility function","Recursively assigning properties on objects may cause accidental modification of a built-in prototype object.","warning","Properties are copied from [[""source""|""relative:///modules/core/aloha/public/lib/aloha-full.js:57263:22:57263:27""]] to [[""target""|""relative:///modules/core/aloha/public/lib/aloha-full.js:57265:17:57265:22""]] without guarding against prototype pollution.","/modules/core/aloha/public/lib/aloha-full.js","57265","17","57265","22"
"Prototype pollution in utility function","Recursively assigning properties on objects may cause accidental modification of a built-in prototype object.","warning","Properties are copied from [[""source""|""relative:///modules/core/aloha/public/lib/aloha.js:45756:22:45756:27""]] to [[""target""|""relative:///modules/core/aloha/public/lib/aloha.js:45758:17:45758:22""]] without guarding against prototype pollution.","/modules/core/aloha/public/lib/aloha.js","45758","17","45758","22"
"Prototype pollution in utility function","Recursively assigning properties on objects may cause accidental modification of a built-in prototype object.","warning","Properties are copied from [[""obj""|""relative:///modules/core/aloha/public/lib/require.js:91:22:91:24""]] to [[""target""|""relative:///modules/core/aloha/public/lib/require.js:117:25:117:30""]] without guarding against prototype pollution.","/modules/core/aloha/public/lib/require.js","117","25","117","30"
"Prototype pollution in utility function","Recursively assigning properties on objects may cause accidental modification of a built-in prototype object.","warning","Properties are copied from [[""options""|""relative:///modules/core/aloha/public/lib/vendor/jquery-1.5.1.js:345:18:345:24""]] to [[""target""|""relative:///modules/core/aloha/public/lib/vendor/jquery-1.5.1.js:369:6:369:11""]] without guarding against prototype pollution.","/modules/core/aloha/public/lib/vendor/jquery-1.5.1.js","369","6","369","11"
"Prototype pollution in utility function","Recursively assigning properties on objects may cause accidental modification of a built-in prototype object.","warning","Properties are copied from [[""options""|""relative:///modules/core/aloha/public/lib/vendor/jquery-1.6.1.js:347:18:347:24""]] to [[""target""|""relative:///modules/core/aloha/public/lib/vendor/jquery-1.6.1.js:371:6:371:11""]] without guarding against prototype pollution.","/modules/core/aloha/public/lib/vendor/jquery-1.6.1.js","371","6","371","11"
"Prototype pollution in utility function","Recursively assigning properties on objects may cause accidental modification of a built-in prototype object.","warning","Properties are copied from [[""options""|""relative:///modules/core/aloha/public/lib/vendor/jquery-1.6.js:347:18:347:24""]] to [[""target""|""relative:///modules/core/aloha/public/lib/vendor/jquery-1.6.js:371:6:371:11""]] without guarding against prototype pollution.","/modules/core/aloha/public/lib/vendor/jquery-1.6.js","371","6","371","11"
"Prototype pollution in utility function","Recursively assigning properties on objects may cause accidental modification of a built-in prototype object.","warning","Properties are copied from [[""options""|""relative:///modules/core/aloha/public/lib/vendor/jquery-1.7.1.js:354:18:354:24""]] to [[""target""|""relative:///modules/core/aloha/public/lib/vendor/jquery-1.7.1.js:378:6:378:11""]] without guarding against prototype pollution.","/modules/core/aloha/public/lib/vendor/jquery-1.7.1.js","378","6","378","11"
"Prototype pollution in utility function","Recursively assigning properties on objects may cause accidental modification of a built-in prototype object.","warning","Properties are copied from [[""options""|""relative:///modules/core/aloha/public/lib/vendor/jquery-1.7.2.js:354:18:354:24""]] to [[""target""|""relative:///modules/core/aloha/public/lib/vendor/jquery-1.7.2.js:378:6:378:11""]] without guarding against prototype pollution.","/modules/core/aloha/public/lib/vendor/jquery-1.7.2.js","378","6","378","11"
"Prototype pollution in utility function","Recursively assigning properties on objects may cause accidental modification of a built-in prototype object.","warning","Properties are copied from [[""options""|""relative:///modules/core/aloha/public/test/vendor/jquery-1.5.1.js:345:24:345:30""]] to [[""target""|""relative:///modules/core/aloha/public/test/vendor/jquery-1.5.1.js:369:15:369:20""]] without guarding against prototype pollution.","/modules/core/aloha/public/test/vendor/jquery-1.5.1.js","369","15","369","20"
"Prototype pollution in utility function","Recursively assigning properties on objects may cause accidental modification of a built-in prototype object.","warning","Properties are copied from [[""options""|""relative:///modules/core/aloha/public/test/vendor/jquery-1.6.1.js:347:24:347:30""]] to [[""target""|""relative:///modules/core/aloha/public/test/vendor/jquery-1.6.1.js:371:15:371:20""]] without guarding against prototype pollution.","/modules/core/aloha/public/test/vendor/jquery-1.6.1.js","371","15","371","20"
"Incomplete string escaping or encoding","A string transformer that does not replace or escape all occurrences of a meta-character may be ineffective.","warning","This does not escape backslash characters in the input.","/lib/core/Router.js","315","10","319","12"
"Incomplete string escaping or encoding","A string transformer that does not replace or escape all occurrences of a meta-character may be ineffective.","warning","This does not escape backslash characters in the input.","/modules/core/aloha/public/lib/aloha-bare.js","40920","17","40920","28"
"Incomplete string escaping or encoding","A string transformer that does not replace or escape all occurrences of a meta-character may be ineffective.","warning","This replaces only the first occurrence of ""'"".","/modules/core/aloha/public/lib/aloha-bare.js","47933","48","47933","101"
"Incomplete string escaping or encoding","A string transformer that does not replace or escape all occurrences of a meta-character may be ineffective.","warning","This replaces only the first occurrence of '\""'.","/modules/core/aloha/public/lib/aloha-bare.js","47933","48","47933","75"
"Incomplete string escaping or encoding","A string transformer that does not replace or escape all occurrences of a meta-character may be ineffective.","warning","This replaces only the first occurrence of ""'"".","/modules/core/aloha/public/lib/aloha-bare.js","47946","47","47946","100"
"Incomplete string escaping or encoding","A string transformer that does not replace or escape all occurrences of a meta-character may be ineffective.","warning","This replaces only the first occurrence of '\""'.","/modules/core/aloha/public/lib/aloha-bare.js","47946","47","47946","74"
"Incomplete string escaping or encoding","A string transformer that does not replace or escape all occurrences of a meta-character may be ineffective.","warning","This replaces only the first occurrence of ""'"".","/modules/core/aloha/public/lib/aloha-bare.js","54942","48","54942","101"
"Incomplete string escaping or encoding","A string transformer that does not replace or escape all occurrences of a meta-character may be ineffective.","warning","This replaces only the first occurrence of '\""'.","/modules/core/aloha/public/lib/aloha-bare.js","54942","48","54942","75"
"Incomplete string escaping or encoding","A string transformer that does not replace or escape all occurrences of a meta-character may be ineffective.","warning","This does not escape backslash characters in the input.","/modules/core/aloha/public/lib/aloha-bare.js","67199","55","67199","182"
"Incomplete string escaping or encoding","A string transformer that does not replace or escape all occurrences of a meta-character may be ineffective.","warning","This does not escape backslash characters in the input.","/modules/core/aloha/public/lib/aloha-bare.js","67199","55","67199","161"
"Incomplete string escaping or encoding","A string transformer that does not replace or escape all occurrences of a meta-character may be ineffective.","warning","This does not escape backslash characters in the input.","/modules/core/aloha/public/lib/aloha-bare.js","67199","55","67199","118"
"Incomplete string escaping or encoding","A string transformer that does not replace or escape all occurrences of a meta-character may be ineffective.","warning","This does not escape backslash characters in the input.","/modules/core/aloha/public/lib/aloha-bare.js","67212","102","67212","223"
"Incomplete string escaping or encoding","A string transformer that does not replace or escape all occurrences of a meta-character may be ineffective.","warning","This does not escape backslash characters in the input.","/modules/core/aloha/public/lib/aloha-bare.js","67212","102","67212","202"
"Incomplete string escaping or encoding","A string transformer that does not replace or escape all occurrences of a meta-character may be ineffective.","warning","This does not escape backslash characters in the input.","/modules/core/aloha/public/lib/aloha-bare.js","67212","102","67212","159"
"Incomplete string escaping or encoding","A string transformer that does not replace or escape all occurrences of a meta-character may be ineffective.","warning","This does not escape backslash characters in the input.","/modules/core/aloha/public/lib/aloha-bare.js","67213","102","67213","223"
"Incomplete string escaping or encoding","A string transformer that does not replace or escape all occurrences of a meta-character may be ineffective.","warning","This does not escape backslash characters in the input.","/modules/core/aloha/public/lib/aloha-bare.js","67213","102","67213","202"
"Incomplete string escaping or encoding","A string transformer that does not replace or escape all occurrences of a meta-character may be ineffective.","warning","This does not escape backslash characters in the input.","/modules/core/aloha/public/lib/aloha-bare.js","67213","102","67213","159"
"Incomplete string escaping or encoding","A string transformer that does not replace or escape all occurrences of a meta-character may be ineffective.","warning","This does not escape backslash characters in the input.","/modules/core/aloha/public/lib/aloha-bare.js","67817","95","67817","222"
"Incomplete string escaping or encoding","A string transformer that does not replace or escape all occurrences of a meta-character may be ineffective.","warning","This does not escape backslash characters in the input.","/modules/core/aloha/public/lib/aloha-bare.js","67817","95","67817","201"
"Incomplete string escaping or encoding","A string transformer that does not replace or escape all occurrences of a meta-character may be ineffective.","warning","This does not escape backslash characters in the input.","/modules/core/aloha/public/lib/aloha-bare.js","67817","95","67817","158"
"Incomplete string escaping or encoding","A string transformer that does not replace or escape all occurrences of a meta-character may be ineffective.","warning","This does not escape backslash characters in the input.","/modules/core/aloha/public/lib/aloha-bare.js","67823","59","67823","180"
"Incomplete string escaping or encoding","A string transformer that does not replace or escape all occurrences of a meta-character may be ineffective.","warning","This does not escape backslash characters in the input.","/modules/core/aloha/public/lib/aloha-bare.js","67823","59","67823","159"
"Incomplete string escaping or encoding","A string transformer that does not replace or escape all occurrences of a meta-character may be ineffective.","warning","This does not escape backslash characters in the input.","/modules/core/aloha/public/lib/aloha-bare.js","67823","59","67823","116"
"Incomplete string escaping or encoding","A string transformer that does not replace or escape all occurrences of a meta-character may be ineffective.","warning","This does not escape backslash characters in the input.","/modules/core/aloha/public/lib/aloha-bare.js","69684","60","69684","181"
"Incomplete string escaping or encoding","A string transformer that does not replace or escape all occurrences of a meta-character may be ineffective.","warning","This does not escape backslash characters in the input.","/modules/core/aloha/public/lib/aloha-bare.js","69684","60","69684","160"
"Incomplete string escaping or encoding","A string transformer that does not replace or escape all occurrences of a meta-character may be ineffective.","warning","This does not escape backslash characters in the input.","/modules/core/aloha/public/lib/aloha-bare.js","69684","60","69684","117"
"Incomplete string escaping or encoding","A string transformer that does not replace or escape all occurrences of a meta-character may be ineffective.","warning","This does not escape backslash characters in the input.","/modules/core/aloha/public/lib/aloha-bare.js","71304","215","71304","223"
"Incomplete string escaping or encoding","A string transformer that does not replace or escape all occurrences of a meta-character may be ineffective.","warning","This does not escape backslash characters in the input.","/modules/core/aloha/public/lib/aloha-full.js","7215","13","7215","23"
"Incomplete string escaping or encoding","A string transformer that does not replace or escape all occurrences of a meta-character may be ineffective.","warning","This does not escape backslash characters in the input.","/modules/core/aloha/public/lib/aloha-full.js","52406","17","52406","28"
"Incomplete string escaping or encoding","A string transformer that does not replace or escape all occurrences of a meta-character may be ineffective.","warning","This replaces only the first occurrence of ""'"".","/modules/core/aloha/public/lib/aloha-full.js","59419","48","59419","101"
"Incomplete string escaping or encoding","A string transformer that does not replace or escape all occurrences of a meta-character may be ineffective.","warning","This replaces only the first occurrence of '\""'.","/modules/core/aloha/public/lib/aloha-full.js","59419","48","59419","75"
"Incomplete string escaping or encoding","A string transformer that does not replace or escape all occurrences of a meta-character may be ineffective.","warning","This replaces only the first occurrence of ""'"".","/modules/core/aloha/public/lib/aloha-full.js","59432","47","59432","100"
"Incomplete string escaping or encoding","A string transformer that does not replace or escape all occurrences of a meta-character may be ineffective.","warning","This replaces only the first occurrence of '\""'.","/modules/core/aloha/public/lib/aloha-full.js","59432","47","59432","74"
"Incomplete string escaping or encoding","A string transformer that does not replace or escape all occurrences of a meta-character may be ineffective.","warning","This replaces only the first occurrence of ""'"".","/modules/core/aloha/public/lib/aloha-full.js","66428","48","66428","101"
"Incomplete string escaping or encoding","A string transformer that does not replace or escape all occurrences of a meta-character may be ineffective.","warning","This replaces only the first occurrence of '\""'.","/modules/core/aloha/public/lib/aloha-full.js","66428","48","66428","75"
"Incomplete string escaping or encoding","A string transformer that does not replace or escape all occurrences of a meta-character may be ineffective.","warning","This does not escape backslash characters in the input.","/modules/core/aloha/public/lib/aloha-full.js","78685","55","78685","182"
"Incomplete string escaping or encoding","A string transformer that does not replace or escape all occurrences of a meta-character may be ineffective.","warning","This does not escape backslash characters in the input.","/modules/core/aloha/public/lib/aloha-full.js","78685","55","78685","161"
"Incomplete string escaping or encoding","A string transformer that does not replace or escape all occurrences of a meta-character may be ineffective.","warning","This does not escape backslash characters in the input.","/modules/core/aloha/public/lib/aloha-full.js","78685","55","78685","118"
"Incomplete string escaping or encoding","A string transformer that does not replace or escape all occurrences of a meta-character may be ineffective.","warning","This does not escape backslash characters in the input.","/modules/core/aloha/public/lib/aloha-full.js","78698","102","78698","223"
"Incomplete string escaping or encoding","A string transformer that does not replace or escape all occurrences of a meta-character may be ineffective.","warning","This does not escape backslash characters in the input.","/modules/core/aloha/public/lib/aloha-full.js","78698","102","78698","202"
"Incomplete string escaping or encoding","A string transformer that does not replace or escape all occurrences of a meta-character may be ineffective.","warning","This does not escape backslash characters in the input.","/modules/core/aloha/public/lib/aloha-full.js","78698","102","78698","159"
"Incomplete string escaping or encoding","A string transformer that does not replace or escape all occurrences of a meta-character may be ineffective.","warning","This does not escape backslash characters in the input.","/modules/core/aloha/public/lib/aloha-full.js","78699","102","78699","223"
"Incomplete string escaping or encoding","A string transformer that does not replace or escape all occurrences of a meta-character may be ineffective.","warning","This does not escape backslash characters in the input.","/modules/core/aloha/public/lib/aloha-full.js","78699","102","78699","202"
"Incomplete string escaping or encoding","A string transformer that does not replace or escape all occurrences of a meta-character may be ineffective.","warning","This does not escape backslash characters in the input.","/modules/core/aloha/public/lib/aloha-full.js","78699","102","78699","159"
"Incomplete string escaping or encoding","A string transformer that does not replace or escape all occurrences of a meta-character may be ineffective.","warning","This does not escape backslash characters in the input.","/modules/core/aloha/public/lib/aloha-full.js","79303","95","79303","222"
"Incomplete string escaping or encoding","A string transformer that does not replace or escape all occurrences of a meta-character may be ineffective.","warning","This does not escape backslash characters in the input.","/modules/core/aloha/public/lib/aloha-full.js","79303","95","79303","201"
"Incomplete string escaping or encoding","A string transformer that does not replace or escape all occurrences of a meta-character may be ineffective.","warning","This does not escape backslash characters in the input.","/modules/core/aloha/public/lib/aloha-full.js","79303","95","79303","158"
"Incomplete string escaping or encoding","A string transformer that does not replace or escape all occurrences of a meta-character may be ineffective.","warning","This does not escape backslash characters in the input.","/modules/core/aloha/public/lib/aloha-full.js","79309","59","79309","180"
"Incomplete string escaping or encoding","A string transformer that does not replace or escape all occurrences of a meta-character may be ineffective.","warning","This does not escape backslash characters in the input.","/modules/core/aloha/public/lib/aloha-full.js","79309","59","79309","159"
"Incomplete string escaping or encoding","A string transformer that does not replace or escape all occurrences of a meta-character may be ineffective.","warning","This does not escape backslash characters in the input.","/modules/core/aloha/public/lib/aloha-full.js","79309","59","79309","116"
"Incomplete string escaping or encoding","A string transformer that does not replace or escape all occurrences of a meta-character may be ineffective.","warning","This does not escape backslash characters in the input.","/modules/core/aloha/public/lib/aloha-full.js","81170","60","81170","181"
"Incomplete string escaping or encoding","A string transformer that does not replace or escape all occurrences of a meta-character may be ineffective.","warning","This does not escape backslash characters in the input.","/modules/core/aloha/public/lib/aloha-full.js","81170","60","81170","160"
"Incomplete string escaping or encoding","A string transformer that does not replace or escape all occurrences of a meta-character may be ineffective.","warning","This does not escape backslash characters in the input.","/modules/core/aloha/public/lib/aloha-full.js","81170","60","81170","117"
"Incomplete string escaping or encoding","A string transformer that does not replace or escape all occurrences of a meta-character may be ineffective.","warning","This does not escape backslash characters in the input.","/modules/core/aloha/public/lib/aloha-full.js","82790","215","82790","223"
"Incomplete string escaping or encoding","A string transformer that does not replace or escape all occurrences of a meta-character may be ineffective.","warning","This does not escape backslash characters in the input.","/modules/core/aloha/public/lib/aloha.js","40899","17","40899","28"
"Incomplete string escaping or encoding","A string transformer that does not replace or escape all occurrences of a meta-character may be ineffective.","warning","This replaces only the first occurrence of ""'"".","/modules/core/aloha/public/lib/aloha.js","47912","48","47912","101"
"Incomplete string escaping or encoding","A string transformer that does not replace or escape all occurrences of a meta-character may be ineffective.","warning","This replaces only the first occurrence of '\""'.","/modules/core/aloha/public/lib/aloha.js","47912","48","47912","75"
"Incomplete string escaping or encoding","A string transformer that does not replace or escape all occurrences of a meta-character may be ineffective.","warning","This replaces only the first occurrence of ""'"".","/modules/core/aloha/public/lib/aloha.js","47925","47","47925","100"
"Incomplete string escaping or encoding","A string transformer that does not replace or escape all occurrences of a meta-character may be ineffective.","warning","This replaces only the first occurrence of '\""'.","/modules/core/aloha/public/lib/aloha.js","47925","47","47925","74"
"Incomplete string escaping or encoding","A string transformer that does not replace or escape all occurrences of a meta-character may be ineffective.","warning","This replaces only the first occurrence of ""'"".","/modules/core/aloha/public/lib/aloha.js","54921","48","54921","101"
"Incomplete string escaping or encoding","A string transformer that does not replace or escape all occurrences of a meta-character may be ineffective.","warning","This replaces only the first occurrence of '\""'.","/modules/core/aloha/public/lib/aloha.js","54921","48","54921","75"
"Incomplete string escaping or encoding","A string transformer that does not replace or escape all occurrences of a meta-character may be ineffective.","warning","This does not escape backslash characters in the input.","/modules/core/aloha/public/lib/aloha.js","67799","55","67799","182"
"Incomplete string escaping or encoding","A string transformer that does not replace or escape all occurrences of a meta-character may be ineffective.","warning","This does not escape backslash characters in the input.","/modules/core/aloha/public/lib/aloha.js","67799","55","67799","161"
"Incomplete string escaping or encoding","A string transformer that does not replace or escape all occurrences of a meta-character may be ineffective.","warning","This does not escape backslash characters in the input.","/modules/core/aloha/public/lib/aloha.js","67799","55","67799","118"
"Incomplete string escaping or encoding","A string transformer that does not replace or escape all occurrences of a meta-character may be ineffective.","warning","This does not escape backslash characters in the input.","/modules/core/aloha/public/lib/aloha.js","67812","102","67812","223"
"Incomplete string escaping or encoding","A string transformer that does not replace or escape all occurrences of a meta-character may be ineffective.","warning","This does not escape backslash characters in the input.","/modules/core/aloha/public/lib/aloha.js","67812","102","67812","202"
"Incomplete string escaping or encoding","A string transformer that does not replace or escape all occurrences of a meta-character may be ineffective.","warning","This does not escape backslash characters in the input.","/modules/core/aloha/public/lib/aloha.js","67812","102","67812","159"
"Incomplete string escaping or encoding","A string transformer that does not replace or escape all occurrences of a meta-character may be ineffective.","warning","This does not escape backslash characters in the input.","/modules/core/aloha/public/lib/aloha.js","67813","102","67813","223"
"Incomplete string escaping or encoding","A string transformer that does not replace or escape all occurrences of a meta-character may be ineffective.","warning","This does not escape backslash characters in the input.","/modules/core/aloha/public/lib/aloha.js","67813","102","67813","202"
"Incomplete string escaping or encoding","A string transformer that does not replace or escape all occurrences of a meta-character may be ineffective.","warning","This does not escape backslash characters in the input.","/modules/core/aloha/public/lib/aloha.js","67813","102","67813","159"
"Incomplete string escaping or encoding","A string transformer that does not replace or escape all occurrences of a meta-character may be ineffective.","warning","This does not escape backslash characters in the input.","/modules/core/aloha/public/lib/aloha.js","68417","95","68417","222"
"Incomplete string escaping or encoding","A string transformer that does not replace or escape all occurrences of a meta-character may be ineffective.","warning","This does not escape backslash characters in the input.","/modules/core/aloha/public/lib/aloha.js","68417","95","68417","201"
"Incomplete string escaping or encoding","A string transformer that does not replace or escape all occurrences of a meta-character may be ineffective.","warning","This does not escape backslash characters in the input.","/modules/core/aloha/public/lib/aloha.js","68417","95","68417","158"
"Incomplete string escaping or encoding","A string transformer that does not replace or escape all occurrences of a meta-character may be ineffective.","warning","This does not escape backslash characters in the input.","/modules/core/aloha/public/lib/aloha.js","68423","59","68423","180"
"Incomplete string escaping or encoding","A string transformer that does not replace or escape all occurrences of a meta-character may be ineffective.","warning","This does not escape backslash characters in the input.","/modules/core/aloha/public/lib/aloha.js","68423","59","68423","159"
"Incomplete string escaping or encoding","A string transformer that does not replace or escape all occurrences of a meta-character may be ineffective.","warning","This does not escape backslash characters in the input.","/modules/core/aloha/public/lib/aloha.js","68423","59","68423","116"
"Incomplete string escaping or encoding","A string transformer that does not replace or escape all occurrences of a meta-character may be ineffective.","warning","This does not escape backslash characters in the input.","/modules/core/aloha/public/lib/aloha.js","70285","60","70285","181"
"Incomplete string escaping or encoding","A string transformer that does not replace or escape all occurrences of a meta-character may be ineffective.","warning","This does not escape backslash characters in the input.","/modules/core/aloha/public/lib/aloha.js","70285","60","70285","160"
"Incomplete string escaping or encoding","A string transformer that does not replace or escape all occurrences of a meta-character may be ineffective.","warning","This does not escape backslash characters in the input.","/modules/core/aloha/public/lib/aloha.js","70285","60","70285","117"
"Incomplete string escaping or encoding","A string transformer that does not replace or escape all occurrences of a meta-character may be ineffective.","warning","This does not escape backslash characters in the input.","/modules/core/aloha/public/lib/aloha.js","71905","215","71905","223"
"Incomplete string escaping or encoding","A string transformer that does not replace or escape all occurrences of a meta-character may be ineffective.","warning","This does not escape backslash characters in the input.","/modules/core/aloha/public/lib/vendor/jquery-1.5.1.js","4465","13","4465","23"
"Incomplete string escaping or encoding","A string transformer that does not replace or escape all occurrences of a meta-character may be ineffective.","warning","This does not escape backslash characters in the input.","/modules/core/aloha/public/lib/vendor/jquery-1.6.1.js","4884","13","4884","23"
"Incomplete string escaping or encoding","A string transformer that does not replace or escape all occurrences of a meta-character may be ineffective.","warning","This does not escape backslash characters in the input.","/modules/core/aloha/public/lib/vendor/jquery-1.6.js","4815","13","4815","23"
"Incomplete string escaping or encoding","A string transformer that does not replace or escape all occurrences of a meta-character may be ineffective.","warning","This does not escape backslash characters in the input.","/modules/core/aloha/public/lib/vendor/jquery-1.7.1.js","5063","13","5063","23"
"Incomplete string escaping or encoding","A string transformer that does not replace or escape all occurrences of a meta-character may be ineffective.","warning","This does not escape backslash characters in the input.","/modules/core/aloha/public/lib/vendor/jquery-1.7.2.js","5162","13","5162","23"
"Incomplete string escaping or encoding","A string transformer that does not replace or escape all occurrences of a meta-character may be ineffective.","warning","This replaces only the first occurrence of /([\]\}])/.","/modules/core/aloha/public/plugins/extra/sourceview/lib/sourceview-plugin.js","83","12","89","25"
"Incomplete string escaping or encoding","A string transformer that does not replace or escape all occurrences of a meta-character may be ineffective.","warning","This replaces only the first occurrence of /([\[\{])/.","/modules/core/aloha/public/plugins/extra/sourceview/lib/sourceview-plugin.js","83","12","86","25"
"Incomplete string escaping or encoding","A string transformer that does not replace or escape all occurrences of a meta-character may be ineffective.","warning","This does not escape backslash characters in the input.","/modules/core/aloha/public/test/vendor/jquery-1.5.1.js","4469","23","4469","33"
"Incomplete string escaping or encoding","A string transformer that does not replace or escape all occurrences of a meta-character may be ineffective.","warning","This does not escape backslash characters in the input.","/modules/core/aloha/public/test/vendor/jquery-1.6.1.js","4884","23","4884","33"
"Incomplete string escaping or encoding","A string transformer that does not replace or escape all occurrences of a meta-character may be ineffective.","warning","This does not escape backslash characters in the input.","/modules/core/aloha/public/test/vendor/qunit.js","1193","20","1193","41"
"Incomplete string escaping or encoding","A string transformer that does not replace or escape all occurrences of a meta-character may be ineffective.","warning","This replaces only the first occurrence of '&'.","/modules/core/assets/assets.js","2382","27","2382","37"
"Incomplete string escaping or encoding","A string transformer that does not replace or escape all occurrences of a meta-character may be ineffective.","warning","This replaces only the first occurrence of '""'.","/modules/core/assets/assets.js","2383","27","2383","37"
"Incomplete string escaping or encoding","A string transformer that does not replace or escape all occurrences of a meta-character may be ineffective.","warning","This replaces only the first occurrence of '<'.","/modules/core/assets/assets.js","2384","27","2384","37"
"Incomplete string escaping or encoding","A string transformer that does not replace or escape all occurrences of a meta-character may be ineffective.","warning","This replaces only the first occurrence of '<'.","/modules/core/assets/assets.js","2385","27","2385","37"
"Unsafe expansion of self-closing HTML tag","Using regular expressions to expand self-closing HTML tags may lead to cross-site scripting vulnerabilities.","warning","This self-closing HTML tag expansion invalidates prior sanitization as [[""this regular expression""|""relative:///modules/core/aloha/public/lib/aloha-full.js:7798:14:7798:86""]] may match part of an attribute value.","/modules/core/aloha/public/lib/aloha-full.js","8004","13","8004","51"
"Unsafe expansion of self-closing HTML tag","Using regular expressions to expand self-closing HTML tags may lead to cross-site scripting vulnerabilities.","warning","This self-closing HTML tag expansion invalidates prior sanitization as [[""this regular expression""|""relative:///modules/core/aloha/public/lib/aloha-full.js:7798:14:7798:86""]] may match part of an attribute value.","/modules/core/aloha/public/lib/aloha-full.js","8451","13","8451","48"
"Unsafe expansion of self-closing HTML tag","Using regular expressions to expand self-closing HTML tags may lead to cross-site scripting vulnerabilities.","warning","This self-closing HTML tag expansion invalidates prior sanitization as [[""this regular expression""|""relative:///modules/core/aloha/public/lib/vendor/jquery-1.5.1.js:5004:14:5004:86""]] may match part of an attribute value.","/modules/core/aloha/public/lib/vendor/jquery-1.5.1.js","5205","12","5205","48"
"Unsafe expansion of self-closing HTML tag","Using regular expressions to expand self-closing HTML tags may lead to cross-site scripting vulnerabilities.","warning","This self-closing HTML tag expansion invalidates prior sanitization as [[""this regular expression""|""relative:///modules/core/aloha/public/lib/vendor/jquery-1.5.1.js:5004:14:5004:86""]] may match part of an attribute value.","/modules/core/aloha/public/lib/vendor/jquery-1.5.1.js","5575","12","5575","47"
"Unsafe expansion of self-closing HTML tag","Using regular expressions to expand self-closing HTML tags may lead to cross-site scripting vulnerabilities.","warning","This self-closing HTML tag expansion invalidates prior sanitization as [[""this regular expression""|""relative:///modules/core/aloha/public/lib/vendor/jquery-1.6.1.js:5458:14:5458:86""]] may match part of an attribute value.","/modules/core/aloha/public/lib/vendor/jquery-1.6.1.js","5661","12","5661","48"
"Unsafe expansion of self-closing HTML tag","Using regular expressions to expand self-closing HTML tags may lead to cross-site scripting vulnerabilities.","warning","This self-closing HTML tag expansion invalidates prior sanitization as [[""this regular expression""|""relative:///modules/core/aloha/public/lib/vendor/jquery-1.6.1.js:5458:14:5458:86""]] may match part of an attribute value.","/modules/core/aloha/public/lib/vendor/jquery-1.6.1.js","6067","13","6067","48"
"Unsafe expansion of self-closing HTML tag","Using regular expressions to expand self-closing HTML tags may lead to cross-site scripting vulnerabilities.","warning","This self-closing HTML tag expansion invalidates prior sanitization as [[""this regular expression""|""relative:///modules/core/aloha/public/lib/vendor/jquery-1.6.js:5389:14:5389:86""]] may match part of an attribute value.","/modules/core/aloha/public/lib/vendor/jquery-1.6.js","5591","12","5591","48"
"Unsafe expansion of self-closing HTML tag","Using regular expressions to expand self-closing HTML tags may lead to cross-site scripting vulnerabilities.","warning","This self-closing HTML tag expansion invalidates prior sanitization as [[""this regular expression""|""relative:///modules/core/aloha/public/lib/vendor/jquery-1.6.js:5389:14:5389:86""]] may match part of an attribute value.","/modules/core/aloha/public/lib/vendor/jquery-1.6.js","5986","13","5986","48"
"Unsafe expansion of self-closing HTML tag","Using regular expressions to expand self-closing HTML tags may lead to cross-site scripting vulnerabilities.","warning","This self-closing HTML tag expansion invalidates prior sanitization as [[""this regular expression""|""relative:///modules/core/aloha/public/lib/vendor/jquery-1.7.1.js:5646:14:5646:86""]] may match part of an attribute value.","/modules/core/aloha/public/lib/vendor/jquery-1.7.1.js","5854","12","5854","48"
"Unsafe expansion of self-closing HTML tag","Using regular expressions to expand self-closing HTML tags may lead to cross-site scripting vulnerabilities.","warning","This self-closing HTML tag expansion invalidates prior sanitization as [[""this regular expression""|""relative:///modules/core/aloha/public/lib/vendor/jquery-1.7.1.js:5646:14:5646:86""]] may match part of an attribute value.","/modules/core/aloha/public/lib/vendor/jquery-1.7.1.js","6283","13","6283","48"
"Unsafe expansion of self-closing HTML tag","Using regular expressions to expand self-closing HTML tags may lead to cross-site scripting vulnerabilities.","warning","This self-closing HTML tag expansion invalidates prior sanitization as [[""this regular expression""|""relative:///modules/core/aloha/public/lib/vendor/jquery-1.7.2.js:5745:14:5745:86""]] may match part of an attribute value.","/modules/core/aloha/public/lib/vendor/jquery-1.7.2.js","5951","13","5951","51"
"Unsafe expansion of self-closing HTML tag","Using regular expressions to expand self-closing HTML tags may lead to cross-site scripting vulnerabilities.","warning","This self-closing HTML tag expansion invalidates prior sanitization as [[""this regular expression""|""relative:///modules/core/aloha/public/lib/vendor/jquery-1.7.2.js:5745:14:5745:86""]] may match part of an attribute value.","/modules/core/aloha/public/lib/vendor/jquery-1.7.2.js","6398","13","6398","48"
"Unsafe expansion of self-closing HTML tag","Using regular expressions to expand self-closing HTML tags may lead to cross-site scripting vulnerabilities.","warning","This self-closing HTML tag expansion invalidates prior sanitization as [[""this regular expression""|""relative:///modules/core/aloha/public/test/vendor/jquery-1.5.1.js:5007:17:5007:89""]] may match part of an attribute value.","/modules/core/aloha/public/test/vendor/jquery-1.5.1.js","5207","17","5207","53"
"Unsafe expansion of self-closing HTML tag","Using regular expressions to expand self-closing HTML tags may lead to cross-site scripting vulnerabilities.","warning","This self-closing HTML tag expansion invalidates prior sanitization as [[""this regular expression""|""relative:///modules/core/aloha/public/test/vendor/jquery-1.5.1.js:5007:17:5007:89""]] may match part of an attribute value.","/modules/core/aloha/public/test/vendor/jquery-1.5.1.js","5577","18","5577","53"
"Unsafe expansion of self-closing HTML tag","Using regular expressions to expand self-closing HTML tags may lead to cross-site scripting vulnerabilities.","warning","This self-closing HTML tag expansion invalidates prior sanitization as [[""this regular expression""|""relative:///modules/core/aloha/public/test/vendor/jquery-1.6.1.js:5457:17:5457:89""]] may match part of an attribute value.","/modules/core/aloha/public/test/vendor/jquery-1.6.1.js","5659","17","5659","53"
"Unsafe expansion of self-closing HTML tag","Using regular expressions to expand self-closing HTML tags may lead to cross-site scripting vulnerabilities.","warning","This self-closing HTML tag expansion invalidates prior sanitization as [[""this regular expression""|""relative:///modules/core/aloha/public/test/vendor/jquery-1.6.1.js:5457:17:5457:89""]] may match part of an attribute value.","/modules/core/aloha/public/test/vendor/jquery-1.6.1.js","6055","20","6055","55"
"Double escaping or unescaping","When escaping special characters using a meta-character like backslash or ampersand, the meta-character has to be escaped first to avoid double-escaping, and conversely it has to be unescaped last to avoid double-unescaping.","warning","This replacement may produce '&' characters that are double-unescaped [[""here""|""relative:///modules/community/screenswiki/public/bordeux-html-editor/index.html:57:32:57:61""]].","/modules/community/screenswiki/public/bordeux-html-editor/index.html","56","32","56","62"
"Double escaping or unescaping","When escaping special characters using a meta-character like backslash or ampersand, the meta-character has to be escaped first to avoid double-escaping, and conversely it has to be unescaped last to avoid double-unescaping.","warning","This replacement may produce '&' characters that are double-unescaped [[""here""|""relative:///modules/core/aloha/public/lib/aloha-bare.js:71300:163:71300:214""]].","/modules/core/aloha/public/lib/aloha-bare.js","71300","163","71300","193"
"Double escaping or unescaping","When escaping special characters using a meta-character like backslash or ampersand, the meta-character has to be escaped first to avoid double-escaping, and conversely it has to be unescaped last to avoid double-unescaping.","warning","This replacement may produce '&' characters that are double-unescaped [[""here""|""relative:///modules/core/aloha/public/lib/aloha-full.js:82786:163:82786:214""]].","/modules/core/aloha/public/lib/aloha-full.js","82786","163","82786","193"
"Double escaping or unescaping","When escaping special characters using a meta-character like backslash or ampersand, the meta-character has to be escaped first to avoid double-escaping, and conversely it has to be unescaped last to avoid double-unescaping.","warning","This replacement may produce '&' characters that are double-unescaped [[""here""|""relative:///modules/core/aloha/public/lib/aloha.js:71901:163:71901:214""]].","/modules/core/aloha/public/lib/aloha.js","71901","163","71901","193"
"Incomplete multi-character sanitization","A sanitizer that removes a sequence of characters may reintroduce the dangerous sequence.","warning","The replaced string may still contain a substring that starts matching at [[""<script""|""relative:///modules/core/aloha/public/lib/aloha-full.js:9042:13:9042:19""]].","/modules/core/aloha/public/lib/aloha-full.js","9244","16","9244","48"
"Incomplete multi-character sanitization","A sanitizer that removes a sequence of characters may reintroduce the dangerous sequence.","warning","The replaced string may still contain a substring that starts matching at [[""<script""|""relative:///modules/core/aloha/public/lib/vendor/jquery-1.5.1.js:6055:13:6055:19""]].","/modules/core/aloha/public/lib/vendor/jquery-1.5.1.js","6242","16","6242","48"
"Incomplete multi-character sanitization","A sanitizer that removes a sequence of characters may reintroduce the dangerous sequence.","warning","The replaced string may still contain a substring that starts matching at [[""<script""|""relative:///modules/core/aloha/public/lib/vendor/jquery-1.6.1.js:6606:13:6606:19""]].","/modules/core/aloha/public/lib/vendor/jquery-1.6.1.js","6789","16","6789","48"
"Incomplete multi-character sanitization","A sanitizer that removes a sequence of characters may reintroduce the dangerous sequence.","warning","The replaced string may still contain a substring that starts matching at [[""<script""|""relative:///modules/core/aloha/public/lib/vendor/jquery-1.6.js:6525:13:6525:19""]].","/modules/core/aloha/public/lib/vendor/jquery-1.6.js","6708","16","6708","48"
"Incomplete multi-character sanitization","A sanitizer that removes a sequence of characters may reintroduce the dangerous sequence.","warning","The replaced string may still contain a substring that starts matching at [[""<script""|""relative:///modules/core/aloha/public/lib/vendor/jquery-1.7.1.js:6843:13:6843:19""]].","/modules/core/aloha/public/lib/vendor/jquery-1.7.1.js","7045","16","7045","48"
"Incomplete multi-character sanitization","A sanitizer that removes a sequence of characters may reintroduce the dangerous sequence.","warning","The replaced string may still contain a substring that starts matching at [[""<script""|""relative:///modules/core/aloha/public/lib/vendor/jquery-1.7.2.js:6989:13:6989:19""]].","/modules/core/aloha/public/lib/vendor/jquery-1.7.2.js","7191","16","7191","48"
"Incomplete multi-character sanitization","A sanitizer that removes a sequence of characters may reintroduce the dangerous sequence.","warning","The replaced string may still contain a substring that starts matching at [[""<script""|""relative:///modules/core/aloha/public/test/vendor/jquery-1.2.1.js:2321:51:2321:57""]].","/modules/core/aloha/public/test/vendor/jquery-1.2.1.js","2321","25","2321","81"
"Incomplete multi-character sanitization","A sanitizer that removes a sequence of characters may reintroduce the dangerous sequence.","warning","The replaced string may still contain a substring that starts matching at [[""<script""|""relative:///modules/core/aloha/public/test/vendor/jquery-1.5.1.js:6054:16:6054:22""]].","/modules/core/aloha/public/test/vendor/jquery-1.5.1.js","6240","25","6240","57"
"Incomplete multi-character sanitization","A sanitizer that removes a sequence of characters may reintroduce the dangerous sequence.","warning","The replaced string may still contain a substring that starts matching at [[""<script""|""relative:///modules/core/aloha/public/test/vendor/jquery-1.6.1.js:6591:16:6591:22""]].","/modules/core/aloha/public/test/vendor/jquery-1.6.1.js","6773","25","6773","57"
"Unsafe jQuery plugin","A jQuery plugin that unintentionally constructs HTML from some of its options may be unsafe to use for clients.","warning","Potential XSS vulnerability in the [[""'$.fn.datepicker' plugin""|""relative:///modules/core/aloha/public/lib/aloha-bare.js:37999:19:38026:1""]].","/modules/core/aloha/public/lib/aloha-bare.js","37139","6","37139","13"
"Unsafe jQuery plugin","A jQuery plugin that unintentionally constructs HTML from some of its options may be unsafe to use for clients.","warning","Potential XSS vulnerability in the [[""'$.fn.jqGrid' plugin""|""relative:///modules/core/aloha/public/lib/aloha-bare.js:71318:304:71409:251""]].","/modules/core/aloha/public/lib/aloha-bare.js","71339","171","71339","171"
"Unsafe jQuery plugin","A jQuery plugin that unintentionally constructs HTML from some of its options may be unsafe to use for clients.","warning","Potential XSS vulnerability in the [[""'$.fn.jqGrid' plugin""|""relative:///modules/core/aloha/public/lib/aloha-bare.js:71318:304:71409:251""]].","/modules/core/aloha/public/lib/aloha-bare.js","71339","212","71339","229"
"Unsafe jQuery plugin","A jQuery plugin that unintentionally constructs HTML from some of its options may be unsafe to use for clients.","warning","Potential XSS vulnerability in the [[""'$.fn.jqGrid' plugin""|""relative:///modules/core/aloha/public/lib/aloha-bare.js:71318:304:71409:251""]].","/modules/core/aloha/public/lib/aloha-bare.js","71339","337","71339","354"
"Unsafe jQuery plugin","A jQuery plugin that unintentionally constructs HTML from some of its options may be unsafe to use for clients.","warning","Potential XSS vulnerability in the [[""'$.fn.jqGrid' plugin""|""relative:///modules/core/aloha/public/lib/aloha-bare.js:71318:304:71409:251""]].","/modules/core/aloha/public/lib/aloha-bare.js","71339","419","71339","437"
"Unsafe jQuery plugin","A jQuery plugin that unintentionally constructs HTML from some of its options may be unsafe to use for clients.","warning","Potential XSS vulnerability in the [[""'$.fn.jqGrid' plugin""|""relative:///modules/core/aloha/public/lib/aloha-bare.js:71318:304:71409:251""]].","/modules/core/aloha/public/lib/aloha-bare.js","71340","30","71340","50"
"Unsafe jQuery plugin","A jQuery plugin that unintentionally constructs HTML from some of its options may be unsafe to use for clients.","warning","Potential XSS vulnerability in the [[""'$.fn.jqGrid' plugin""|""relative:///modules/core/aloha/public/lib/aloha-bare.js:71318:304:71409:251""]].","/modules/core/aloha/public/lib/aloha-bare.js","71340","118","71340","139"
"Unsafe jQuery plugin","A jQuery plugin that unintentionally constructs HTML from some of its options may be unsafe to use for clients.","warning","Potential XSS vulnerability in the [[""'$.fn.jqGrid' plugin""|""relative:///modules/core/aloha/public/lib/aloha-bare.js:71318:304:71409:251""]].","/modules/core/aloha/public/lib/aloha-bare.js","71340","235","71340","274"
"Unsafe jQuery plugin","A jQuery plugin that unintentionally constructs HTML from some of its options may be unsafe to use for clients.","warning","Potential XSS vulnerability in the [[""'$.fn.jqmShow' plugin""|""relative:///modules/core/aloha/public/lib/aloha-bare.js:71658:54:71658:119""]].","/modules/core/aloha/public/lib/aloha-bare.js","71659","499","71659","499"
"Unsafe jQuery plugin","A jQuery plugin that unintentionally constructs HTML from some of its options may be unsafe to use for clients.","warning","Potential XSS vulnerability in the [[""'$.fn.jqmAddClose' plugin""|""relative:///modules/core/aloha/public/lib/aloha-bare.js:71657:457:71657:495""]].
Potential XSS vulnerability in the [[""'$.fn.jqmAddTrigger' plugin""|""relative:///modules/core/aloha/public/lib/aloha-bare.js:71658:1:71658:39""]].","/modules/core/aloha/public/lib/aloha-bare.js","71662","87","71662","87"
"Unsafe jQuery plugin","A jQuery plugin that unintentionally constructs HTML from some of its options may be unsafe to use for clients.","warning","Potential XSS vulnerability in the [[""'$.fn.jqDrag' plugin""|""relative:///modules/core/aloha/public/lib/aloha-bare.js:71663:26:71663:58""]].","/modules/core/aloha/public/lib/aloha-bare.js","71664","60","71664","60"
"Unsafe jQuery plugin","A jQuery plugin that unintentionally constructs HTML from some of its options may be unsafe to use for clients.","warning","Potential XSS vulnerability in the [[""'$.fn.datepicker' plugin""|""relative:///modules/core/aloha/public/lib/aloha-full.js:49485:19:49512:1""]].","/modules/core/aloha/public/lib/aloha-full.js","48625","6","48625","13"
"Unsafe jQuery plugin","A jQuery plugin that unintentionally constructs HTML from some of its options may be unsafe to use for clients.","warning","Potential XSS vulnerability in the [[""'$.fn.jqGrid' plugin""|""relative:///modules/core/aloha/public/lib/aloha-full.js:82804:304:82895:251""]].","/modules/core/aloha/public/lib/aloha-full.js","82825","171","82825","171"
"Unsafe jQuery plugin","A jQuery plugin that unintentionally constructs HTML from some of its options may be unsafe to use for clients.","warning","Potential XSS vulnerability in the [[""'$.fn.jqGrid' plugin""|""relative:///modules/core/aloha/public/lib/aloha-full.js:82804:304:82895:251""]].","/modules/core/aloha/public/lib/aloha-full.js","82825","212","82825","229"
"Unsafe jQuery plugin","A jQuery plugin that unintentionally constructs HTML from some of its options may be unsafe to use for clients.","warning","Potential XSS vulnerability in the [[""'$.fn.jqGrid' plugin""|""relative:///modules/core/aloha/public/lib/aloha-full.js:82804:304:82895:251""]].","/modules/core/aloha/public/lib/aloha-full.js","82825","337","82825","354"
"Unsafe jQuery plugin","A jQuery plugin that unintentionally constructs HTML from some of its options may be unsafe to use for clients.","warning","Potential XSS vulnerability in the [[""'$.fn.jqGrid' plugin""|""relative:///modules/core/aloha/public/lib/aloha-full.js:82804:304:82895:251""]].","/modules/core/aloha/public/lib/aloha-full.js","82825","419","82825","437"
"Unsafe jQuery plugin","A jQuery plugin that unintentionally constructs HTML from some of its options may be unsafe to use for clients.","warning","Potential XSS vulnerability in the [[""'$.fn.jqGrid' plugin""|""relative:///modules/core/aloha/public/lib/aloha-full.js:82804:304:82895:251""]].","/modules/core/aloha/public/lib/aloha-full.js","82826","30","82826","50"
"Unsafe jQuery plugin","A jQuery plugin that unintentionally constructs HTML from some of its options may be unsafe to use for clients.","warning","Potential XSS vulnerability in the [[""'$.fn.jqGrid' plugin""|""relative:///modules/core/aloha/public/lib/aloha-full.js:82804:304:82895:251""]].","/modules/core/aloha/public/lib/aloha-full.js","82826","118","82826","139"
"Unsafe jQuery plugin","A jQuery plugin that unintentionally constructs HTML from some of its options may be unsafe to use for clients.","warning","Potential XSS vulnerability in the [[""'$.fn.jqGrid' plugin""|""relative:///modules/core/aloha/public/lib/aloha-full.js:82804:304:82895:251""]].","/modules/core/aloha/public/lib/aloha-full.js","82826","235","82826","274"
"Unsafe jQuery plugin","A jQuery plugin that unintentionally constructs HTML from some of its options may be unsafe to use for clients.","warning","Potential XSS vulnerability in the [[""'$.fn.jqmShow' plugin""|""relative:///modules/core/aloha/public/lib/aloha-full.js:83144:54:83144:119""]].","/modules/core/aloha/public/lib/aloha-full.js","83145","499","83145","499"
"Unsafe jQuery plugin","A jQuery plugin that unintentionally constructs HTML from some of its options may be unsafe to use for clients.","warning","Potential XSS vulnerability in the [[""'$.fn.jqmAddClose' plugin""|""relative:///modules/core/aloha/public/lib/aloha-full.js:83143:457:83143:495""]].
Potential XSS vulnerability in the [[""'$.fn.jqmAddTrigger' plugin""|""relative:///modules/core/aloha/public/lib/aloha-full.js:83144:1:83144:39""]].","/modules/core/aloha/public/lib/aloha-full.js","83148","87","83148","87"
"Unsafe jQuery plugin","A jQuery plugin that unintentionally constructs HTML from some of its options may be unsafe to use for clients.","warning","Potential XSS vulnerability in the [[""'$.fn.jqDrag' plugin""|""relative:///modules/core/aloha/public/lib/aloha-full.js:83149:26:83149:58""]].","/modules/core/aloha/public/lib/aloha-full.js","83150","60","83150","60"
"Unsafe jQuery plugin","A jQuery plugin that unintentionally constructs HTML from some of its options may be unsafe to use for clients.","warning","Potential XSS vulnerability in the [[""'$.fn.datepicker' plugin""|""relative:///modules/core/aloha/public/lib/aloha.js:37978:19:38005:1""]].","/modules/core/aloha/public/lib/aloha.js","37118","6","37118","13"
"Unsafe jQuery plugin","A jQuery plugin that unintentionally constructs HTML from some of its options may be unsafe to use for clients.","warning","Potential XSS vulnerability in the [[""'$.fn.jqGrid' plugin""|""relative:///modules/core/aloha/public/lib/aloha.js:71919:304:72010:251""]].","/modules/core/aloha/public/lib/aloha.js","71940","171","71940","171"
"Unsafe jQuery plugin","A jQuery plugin that unintentionally constructs HTML from some of its options may be unsafe to use for clients.","warning","Potential XSS vulnerability in the [[""'$.fn.jqGrid' plugin""|""relative:///modules/core/aloha/public/lib/aloha.js:71919:304:72010:251""]].","/modules/core/aloha/public/lib/aloha.js","71940","212","71940","229"
"Unsafe jQuery plugin","A jQuery plugin that unintentionally constructs HTML from some of its options may be unsafe to use for clients.","warning","Potential XSS vulnerability in the [[""'$.fn.jqGrid' plugin""|""relative:///modules/core/aloha/public/lib/aloha.js:71919:304:72010:251""]].","/modules/core/aloha/public/lib/aloha.js","71940","337","71940","354"
"Unsafe jQuery plugin","A jQuery plugin that unintentionally constructs HTML from some of its options may be unsafe to use for clients.","warning","Potential XSS vulnerability in the [[""'$.fn.jqGrid' plugin""|""relative:///modules/core/aloha/public/lib/aloha.js:71919:304:72010:251""]].","/modules/core/aloha/public/lib/aloha.js","71940","419","71940","437"
"Unsafe jQuery plugin","A jQuery plugin that unintentionally constructs HTML from some of its options may be unsafe to use for clients.","warning","Potential XSS vulnerability in the [[""'$.fn.jqGrid' plugin""|""relative:///modules/core/aloha/public/lib/aloha.js:71919:304:72010:251""]].","/modules/core/aloha/public/lib/aloha.js","71941","30","71941","50"
"Unsafe jQuery plugin","A jQuery plugin that unintentionally constructs HTML from some of its options may be unsafe to use for clients.","warning","Potential XSS vulnerability in the [[""'$.fn.jqGrid' plugin""|""relative:///modules/core/aloha/public/lib/aloha.js:71919:304:72010:251""]].","/modules/core/aloha/public/lib/aloha.js","71941","118","71941","139"
"Unsafe jQuery plugin","A jQuery plugin that unintentionally constructs HTML from some of its options may be unsafe to use for clients.","warning","Potential XSS vulnerability in the [[""'$.fn.jqGrid' plugin""|""relative:///modules/core/aloha/public/lib/aloha.js:71919:304:72010:251""]].","/modules/core/aloha/public/lib/aloha.js","71941","235","71941","274"
"Unsafe jQuery plugin","A jQuery plugin that unintentionally constructs HTML from some of its options may be unsafe to use for clients.","warning","Potential XSS vulnerability in the [[""'$.fn.jqmShow' plugin""|""relative:///modules/core/aloha/public/lib/aloha.js:72259:54:72259:119""]].","/modules/core/aloha/public/lib/aloha.js","72260","499","72260","499"
"Unsafe jQuery plugin","A jQuery plugin that unintentionally constructs HTML from some of its options may be unsafe to use for clients.","warning","Potential XSS vulnerability in the [[""'$.fn.jqmAddClose' plugin""|""relative:///modules/core/aloha/public/lib/aloha.js:72258:457:72258:495""]].
Potential XSS vulnerability in the [[""'$.fn.jqmAddTrigger' plugin""|""relative:///modules/core/aloha/public/lib/aloha.js:72259:1:72259:39""]].","/modules/core/aloha/public/lib/aloha.js","72263","87","72263","87"
"Unsafe jQuery plugin","A jQuery plugin that unintentionally constructs HTML from some of its options may be unsafe to use for clients.","warning","Potential XSS vulnerability in the [[""'$.fn.jqDrag' plugin""|""relative:///modules/core/aloha/public/lib/aloha.js:72264:26:72264:58""]].","/modules/core/aloha/public/lib/aloha.js","72265","60","72265","60"
"Client-side cross-site scripting","Writing user input directly to the DOM allows for a cross-site scripting vulnerability.","error","Cross-site scripting vulnerability due to [[""user-provided value""|""relative:///modules/core/aloha/public/lib/aloha-bare.js:44607:38:44607:45""]].","/modules/core/aloha/public/lib/aloha-bare.js","44607","20","44608","32"
"Client-side cross-site scripting","Writing user input directly to the DOM allows for a cross-site scripting vulnerability.","error","Cross-site scripting vulnerability due to [[""user-provided value""|""relative:///modules/core/aloha/public/lib/aloha-full.js:56093:38:56093:45""]].","/modules/core/aloha/public/lib/aloha-full.js","56093","20","56094","32"
"Client-side cross-site scripting","Writing user input directly to the DOM allows for a cross-site scripting vulnerability.","error","Cross-site scripting vulnerability due to [[""user-provided value""|""relative:///modules/core/aloha/public/lib/aloha.js:44586:38:44586:45""]].","/modules/core/aloha/public/lib/aloha.js","44586","20","44587","32"
"Client-side cross-site scripting","Writing user input directly to the DOM allows for a cross-site scripting vulnerability.","error","Cross-site scripting vulnerability due to [[""user-provided value""|""relative:///modules/core/aloha/public/test/vendor/qunit.js:474:20:474:34""]].","/modules/core/aloha/public/test/vendor/qunit.js","40","23","40","44"
"Client-side cross-site scripting","Writing user input directly to the DOM allows for a cross-site scripting vulnerability.","error","Cross-site scripting vulnerability due to [[""user-provided value""|""relative:///modules/core/aloha/public/test/vendor/qunit.js:474:20:474:34""]].","/modules/core/aloha/public/test/vendor/qunit.js","170","23","170","162"
"Client-side cross-site scripting","Writing user input directly to the DOM allows for a cross-site scripting vulnerability.","error","Cross-site scripting vulnerability due to [[""user-provided value""|""relative:///modules/core/aloha/public/test/vendor/qunit.js:474:20:474:34""]].","/modules/core/aloha/public/test/vendor/qunit.js","558","39","558","52"
"Client-side cross-site scripting","Writing user input directly to the DOM allows for a cross-site scripting vulnerability.","error","Cross-site scripting vulnerability due to [[""user-provided value""|""relative:///modules/core/aloha/public/test/vendor/qunit.js:474:20:474:34""]].","/modules/core/aloha/public/test/vendor/qunit.js","562","28","562","41"
"Client-side cross-site scripting","Writing user input directly to the DOM allows for a cross-site scripting vulnerability.","error","Cross-site scripting vulnerability due to [[""user-provided value""|""relative:///modules/core/aloha/public/test/vendor/qunit.js:474:20:474:34""]].","/modules/core/aloha/public/test/vendor/qunit.js","725","26","725","123"
"Client-side cross-site scripting","Writing user input directly to the DOM allows for a cross-site scripting vulnerability.","error","Cross-site scripting vulnerability due to [[""user-provided value""|""relative:///modules/core/aloha/public/test/vendor/qunit.js:474:20:474:34""]].","/modules/core/aloha/public/test/vendor/qunit.js","814","42","814","45"
"Client-side cross-site scripting","Writing user input directly to the DOM allows for a cross-site scripting vulnerability.","error","Cross-site scripting vulnerability due to [[""user-provided value""|""relative:///themes/core/cleanslate/public/js/cleanslate-core.js:81:43:81:50""]].","/themes/core/cleanslate/public/js/cleanslate-core.js","78","6","81","73"
"Client-side cross-site scripting","Writing user input directly to the DOM allows for a cross-site scripting vulnerability.","error","Cross-site scripting vulnerability due to [[""user-provided value""|""relative:///themes/downloaded/calipso/public/js/cleanslate-core.js:81:43:81:50""]].","/themes/downloaded/calipso/public/js/cleanslate-core.js","78","6","81","73"
"Client-side cross-site scripting","Writing user input directly to the DOM allows for a cross-site scripting vulnerability.","error","Cross-site scripting vulnerability due to [[""user-provided value""|""relative:///themes/downloaded/whichten/public/js/cleanslate-core.js:81:43:81:50""]].","/themes/downloaded/whichten/public/js/cleanslate-core.js","78","6","81","73"
"Client-side cross-site scripting","Writing user input directly to the DOM allows for a cross-site scripting vulnerability.","error","Cross-site scripting vulnerability due to [[""user-provided value""|""relative:///tmp/iancrowther-whichten-df2aeef/public/js/cleanslate-core.js:81:43:81:50""]].","/tmp/iancrowther-whichten-df2aeef/public/js/cleanslate-core.js","78","6","81","73"
"DOM text reinterpreted as HTML","Reinterpreting text from the DOM as HTML can lead to a cross-site scripting vulnerability.","warning","[[""DOM text""|""relative:///modules/core/aloha/public/lib/aloha-bare.js:21967:15:21967:38""]] is reinterpreted as HTML without escaping meta-characters.
[[""DOM text""|""relative:///modules/core/aloha/public/lib/aloha-bare.js:21970:24:21970:47""]] is reinterpreted as HTML without escaping meta-characters.","/modules/core/aloha/public/lib/aloha-bare.js","21959","19","21959","64"
"DOM text reinterpreted as HTML","Reinterpreting text from the DOM as HTML can lead to a cross-site scripting vulnerability.","warning","[[""DOM text""|""relative:///modules/core/aloha/public/lib/aloha-bare.js:24757:54:24757:62""]] is reinterpreted as HTML without escaping meta-characters.","/modules/core/aloha/public/lib/aloha-bare.js","24757","54","24757","62"
"DOM text reinterpreted as HTML","Reinterpreting text from the DOM as HTML can lead to a cross-site scripting vulnerability.","warning","[[""DOM text""|""relative:///modules/core/aloha/public/lib/aloha-bare.js:42016:11:42016:35""]] is reinterpreted as HTML without escaping meta-characters.","/modules/core/aloha/public/lib/aloha-bare.js","42159","48","42159","54"
"DOM text reinterpreted as HTML","Reinterpreting text from the DOM as HTML can lead to a cross-site scripting vulnerability.","warning","[[""DOM text""|""relative:///modules/core/aloha/public/lib/aloha-bare.js:42016:11:42016:35""]] is reinterpreted as HTML without escaping meta-characters.","/modules/core/aloha/public/lib/aloha-bare.js","42180","47","42180","53"
"DOM text reinterpreted as HTML","Reinterpreting text from the DOM as HTML can lead to a cross-site scripting vulnerability.","warning","[[""DOM text""|""relative:///modules/core/aloha/public/lib/aloha-bare.js:69214:105:69214:122""]] is reinterpreted as HTML without escaping meta-characters.","/modules/core/aloha/public/lib/aloha-bare.js","68933","64","68933","67"
"DOM text reinterpreted as HTML","Reinterpreting text from the DOM as HTML can lead to a cross-site scripting vulnerability.","warning","[[""DOM text""|""relative:///modules/core/aloha/public/lib/aloha-bare.js:71339:169:71339:182""]] is reinterpreted as HTML without escaping meta-characters.
[[""DOM text""|""relative:///modules/core/aloha/public/lib/aloha-bare.js:71339:210:71339:246""]] is reinterpreted as HTML without escaping meta-characters.
[[""DOM text""|""relative:///modules/core/aloha/public/lib/aloha-bare.js:71342:140:71342:155""]] is reinterpreted as HTML without escaping meta-characters.","/modules/core/aloha/public/lib/aloha-bare.js","71343","34","71343","43"
"DOM text reinterpreted as HTML","Reinterpreting text from the DOM as HTML can lead to a cross-site scripting vulnerability.","warning","[[""DOM text""|""relative:///modules/core/aloha/public/lib/aloha-bare.js:71339:169:71339:182""]] is reinterpreted as HTML without escaping meta-characters.
[[""DOM text""|""relative:///modules/core/aloha/public/lib/aloha-bare.js:71339:210:71339:246""]] is reinterpreted as HTML without escaping meta-characters.
[[""DOM text""|""relative:///modules/core/aloha/public/lib/aloha-bare.js:71342:140:71342:155""]] is reinterpreted as HTML without escaping meta-characters.","/modules/core/aloha/public/lib/aloha-bare.js","71343","302","71343","311"
"DOM text reinterpreted as HTML","Reinterpreting text from the DOM as HTML can lead to a cross-site scripting vulnerability.","warning","[[""DOM text""|""relative:///modules/core/aloha/public/lib/aloha-bare.js:71339:169:71339:182""]] is reinterpreted as HTML without escaping meta-characters.
[[""DOM text""|""relative:///modules/core/aloha/public/lib/aloha-bare.js:71339:210:71339:246""]] is reinterpreted as HTML without escaping meta-characters.
[[""DOM text""|""relative:///modules/core/aloha/public/lib/aloha-bare.js:71342:140:71342:155""]] is reinterpreted as HTML without escaping meta-characters.","/modules/core/aloha/public/lib/aloha-bare.js","71343","340","71343","349"
"DOM text reinterpreted as HTML","Reinterpreting text from the DOM as HTML can lead to a cross-site scripting vulnerability.","warning","[[""DOM text""|""relative:///modules/core/aloha/public/lib/aloha-bare.js:71564:127:71564:160""]] is reinterpreted as HTML without escaping meta-characters.","/modules/core/aloha/public/lib/aloha-bare.js","71565","357","71565","376"
"DOM text reinterpreted as HTML","Reinterpreting text from the DOM as HTML can lead to a cross-site scripting vulnerability.","warning","[[""DOM text""|""relative:///modules/core/aloha/public/lib/aloha-bare.js:71566:470:71566:483""]] is reinterpreted as HTML without escaping meta-characters.","/modules/core/aloha/public/lib/aloha-bare.js","71567","85","71567","85"
"DOM text reinterpreted as HTML","Reinterpreting text from the DOM as HTML can lead to a cross-site scripting vulnerability.","warning","[[""DOM text""|""relative:///modules/core/aloha/public/lib/aloha-bare.js:71669:178:71669:191""]] is reinterpreted as HTML without escaping meta-characters.
[[""DOM text""|""relative:///modules/core/aloha/public/lib/aloha-bare.js:71669:305:71669:323""]] is reinterpreted as HTML without escaping meta-characters.","/modules/core/aloha/public/lib/aloha-bare.js","71668","102","71668","102"
"DOM text reinterpreted as HTML","Reinterpreting text from the DOM as HTML can lead to a cross-site scripting vulnerability.","warning","[[""DOM text""|""relative:///modules/core/aloha/public/lib/aloha-full.js:33453:15:33453:38""]] is reinterpreted as HTML without escaping meta-characters.
[[""DOM text""|""relative:///modules/core/aloha/public/lib/aloha-full.js:33456:24:33456:47""]] is reinterpreted as HTML without escaping meta-characters.","/modules/core/aloha/public/lib/aloha-full.js","33445","19","33445","64"
"DOM text reinterpreted as HTML","Reinterpreting text from the DOM as HTML can lead to a cross-site scripting vulnerability.","warning","[[""DOM text""|""relative:///modules/core/aloha/public/lib/aloha-full.js:36243:54:36243:62""]] is reinterpreted as HTML without escaping meta-characters.","/modules/core/aloha/public/lib/aloha-full.js","36243","54","36243","62"
"DOM text reinterpreted as HTML","Reinterpreting text from the DOM as HTML can lead to a cross-site scripting vulnerability.","warning","[[""DOM text""|""relative:///modules/core/aloha/public/lib/aloha-full.js:53502:11:53502:35""]] is reinterpreted as HTML without escaping meta-characters.","/modules/core/aloha/public/lib/aloha-full.js","53645","48","53645","54"
"DOM text reinterpreted as HTML","Reinterpreting text from the DOM as HTML can lead to a cross-site scripting vulnerability.","warning","[[""DOM text""|""relative:///modules/core/aloha/public/lib/aloha-full.js:53502:11:53502:35""]] is reinterpreted as HTML without escaping meta-characters.","/modules/core/aloha/public/lib/aloha-full.js","53666","47","53666","53"
"DOM text reinterpreted as HTML","Reinterpreting text from the DOM as HTML can lead to a cross-site scripting vulnerability.","warning","[[""DOM text""|""relative:///modules/core/aloha/public/lib/aloha-full.js:80700:105:80700:122""]] is reinterpreted as HTML without escaping meta-characters.","/modules/core/aloha/public/lib/aloha-full.js","80419","64","80419","67"
"DOM text reinterpreted as HTML","Reinterpreting text from the DOM as HTML can lead to a cross-site scripting vulnerability.","warning","[[""DOM text""|""relative:///modules/core/aloha/public/lib/aloha-full.js:82825:169:82825:182""]] is reinterpreted as HTML without escaping meta-characters.
[[""DOM text""|""relative:///modules/core/aloha/public/lib/aloha-full.js:82825:210:82825:246""]] is reinterpreted as HTML without escaping meta-characters.
[[""DOM text""|""relative:///modules/core/aloha/public/lib/aloha-full.js:82828:140:82828:155""]] is reinterpreted as HTML without escaping meta-characters.","/modules/core/aloha/public/lib/aloha-full.js","82829","34","82829","43"
"DOM text reinterpreted as HTML","Reinterpreting text from the DOM as HTML can lead to a cross-site scripting vulnerability.","warning","[[""DOM text""|""relative:///modules/core/aloha/public/lib/aloha-full.js:82825:169:82825:182""]] is reinterpreted as HTML without escaping meta-characters.
[[""DOM text""|""relative:///modules/core/aloha/public/lib/aloha-full.js:82825:210:82825:246""]] is reinterpreted as HTML without escaping meta-characters.
[[""DOM text""|""relative:///modules/core/aloha/public/lib/aloha-full.js:82828:140:82828:155""]] is reinterpreted as HTML without escaping meta-characters.","/modules/core/aloha/public/lib/aloha-full.js","82829","302","82829","311"
"DOM text reinterpreted as HTML","Reinterpreting text from the DOM as HTML can lead to a cross-site scripting vulnerability.","warning","[[""DOM text""|""relative:///modules/core/aloha/public/lib/aloha-full.js:82825:169:82825:182""]] is reinterpreted as HTML without escaping meta-characters.
[[""DOM text""|""relative:///modules/core/aloha/public/lib/aloha-full.js:82825:210:82825:246""]] is reinterpreted as HTML without escaping meta-characters.
[[""DOM text""|""relative:///modules/core/aloha/public/lib/aloha-full.js:82828:140:82828:155""]] is reinterpreted as HTML without escaping meta-characters.","/modules/core/aloha/public/lib/aloha-full.js","82829","340","82829","349"
"DOM text reinterpreted as HTML","Reinterpreting text from the DOM as HTML can lead to a cross-site scripting vulnerability.","warning","[[""DOM text""|""relative:///modules/core/aloha/public/lib/aloha-full.js:83050:127:83050:160""]] is reinterpreted as HTML without escaping meta-characters.","/modules/core/aloha/public/lib/aloha-full.js","83051","357","83051","376"
"DOM text reinterpreted as HTML","Reinterpreting text from the DOM as HTML can lead to a cross-site scripting vulnerability.","warning","[[""DOM text""|""relative:///modules/core/aloha/public/lib/aloha-full.js:83052:470:83052:483""]] is reinterpreted as HTML without escaping meta-characters.","/modules/core/aloha/public/lib/aloha-full.js","83053","85","83053","85"
"DOM text reinterpreted as HTML","Reinterpreting text from the DOM as HTML can lead to a cross-site scripting vulnerability.","warning","[[""DOM text""|""relative:///modules/core/aloha/public/lib/aloha-full.js:83155:178:83155:191""]] is reinterpreted as HTML without escaping meta-characters.
[[""DOM text""|""relative:///modules/core/aloha/public/lib/aloha-full.js:83155:305:83155:323""]] is reinterpreted as HTML without escaping meta-characters.","/modules/core/aloha/public/lib/aloha-full.js","83154","102","83154","102"
"DOM text reinterpreted as HTML","Reinterpreting text from the DOM as HTML can lead to a cross-site scripting vulnerability.","warning","[[""DOM text""|""relative:///modules/core/aloha/public/lib/aloha.js:21946:15:21946:38""]] is reinterpreted as HTML without escaping meta-characters.
[[""DOM text""|""relative:///modules/core/aloha/public/lib/aloha.js:21949:24:21949:47""]] is reinterpreted as HTML without escaping meta-characters.","/modules/core/aloha/public/lib/aloha.js","21938","19","21938","64"
"DOM text reinterpreted as HTML","Reinterpreting text from the DOM as HTML can lead to a cross-site scripting vulnerability.","warning","[[""DOM text""|""relative:///modules/core/aloha/public/lib/aloha.js:24736:54:24736:62""]] is reinterpreted as HTML without escaping meta-characters.","/modules/core/aloha/public/lib/aloha.js","24736","54","24736","62"
"DOM text reinterpreted as HTML","Reinterpreting text from the DOM as HTML can lead to a cross-site scripting vulnerability.","warning","[[""DOM text""|""relative:///modules/core/aloha/public/lib/aloha.js:41995:11:41995:35""]] is reinterpreted as HTML without escaping meta-characters.","/modules/core/aloha/public/lib/aloha.js","42138","48","42138","54"
"DOM text reinterpreted as HTML","Reinterpreting text from the DOM as HTML can lead to a cross-site scripting vulnerability.","warning","[[""DOM text""|""relative:///modules/core/aloha/public/lib/aloha.js:41995:11:41995:35""]] is reinterpreted as HTML without escaping meta-characters.","/modules/core/aloha/public/lib/aloha.js","42159","47","42159","53"
"DOM text reinterpreted as HTML","Reinterpreting text from the DOM as HTML can lead to a cross-site scripting vulnerability.","warning","[[""DOM text""|""relative:///modules/core/aloha/public/lib/aloha.js:69815:105:69815:122""]] is reinterpreted as HTML without escaping meta-characters.","/modules/core/aloha/public/lib/aloha.js","69534","64","69534","67"
"DOM text reinterpreted as HTML","Reinterpreting text from the DOM as HTML can lead to a cross-site scripting vulnerability.","warning","[[""DOM text""|""relative:///modules/core/aloha/public/lib/aloha.js:71940:169:71940:182""]] is reinterpreted as HTML without escaping meta-characters.
[[""DOM text""|""relative:///modules/core/aloha/public/lib/aloha.js:71940:210:71940:246""]] is reinterpreted as HTML without escaping meta-characters.
[[""DOM text""|""relative:///modules/core/aloha/public/lib/aloha.js:71943:140:71943:155""]] is reinterpreted as HTML without escaping meta-characters.","/modules/core/aloha/public/lib/aloha.js","71944","34","71944","43"
"DOM text reinterpreted as HTML","Reinterpreting text from the DOM as HTML can lead to a cross-site scripting vulnerability.","warning","[[""DOM text""|""relative:///modules/core/aloha/public/lib/aloha.js:71940:169:71940:182""]] is reinterpreted as HTML without escaping meta-characters.
[[""DOM text""|""relative:///modules/core/aloha/public/lib/aloha.js:71940:210:71940:246""]] is reinterpreted as HTML without escaping meta-characters.
[[""DOM text""|""relative:///modules/core/aloha/public/lib/aloha.js:71943:140:71943:155""]] is reinterpreted as HTML without escaping meta-characters.","/modules/core/aloha/public/lib/aloha.js","71944","302","71944","311"
"DOM text reinterpreted as HTML","Reinterpreting text from the DOM as HTML can lead to a cross-site scripting vulnerability.","warning","[[""DOM text""|""relative:///modules/core/aloha/public/lib/aloha.js:71940:169:71940:182""]] is reinterpreted as HTML without escaping meta-characters.
[[""DOM text""|""relative:///modules/core/aloha/public/lib/aloha.js:71940:210:71940:246""]] is reinterpreted as HTML without escaping meta-characters.
[[""DOM text""|""relative:///modules/core/aloha/public/lib/aloha.js:71943:140:71943:155""]] is reinterpreted as HTML without escaping meta-characters.","/modules/core/aloha/public/lib/aloha.js","71944","340","71944","349"
"DOM text reinterpreted as HTML","Reinterpreting text from the DOM as HTML can lead to a cross-site scripting vulnerability.","warning","[[""DOM text""|""relative:///modules/core/aloha/public/lib/aloha.js:72165:127:72165:160""]] is reinterpreted as HTML without escaping meta-characters.","/modules/core/aloha/public/lib/aloha.js","72166","357","72166","376"
"DOM text reinterpreted as HTML","Reinterpreting text from the DOM as HTML can lead to a cross-site scripting vulnerability.","warning","[[""DOM text""|""relative:///modules/core/aloha/public/lib/aloha.js:72167:470:72167:483""]] is reinterpreted as HTML without escaping meta-characters.","/modules/core/aloha/public/lib/aloha.js","72168","85","72168","85"
"DOM text reinterpreted as HTML","Reinterpreting text from the DOM as HTML can lead to a cross-site scripting vulnerability.","warning","[[""DOM text""|""relative:///modules/core/aloha/public/lib/aloha.js:72270:178:72270:191""]] is reinterpreted as HTML without escaping meta-characters.
[[""DOM text""|""relative:///modules/core/aloha/public/lib/aloha.js:72270:305:72270:323""]] is reinterpreted as HTML without escaping meta-characters.","/modules/core/aloha/public/lib/aloha.js","72269","102","72269","102"
"DOM text reinterpreted as HTML","Reinterpreting text from the DOM as HTML can lead to a cross-site scripting vulnerability.","warning","[[""DOM text""|""relative:///themes/core/cleanslate/public/js/cleanslate-core.js:176:15:176:34""]] is reinterpreted as HTML without escaping meta-characters.","/themes/core/cleanslate/public/js/cleanslate-core.js","78","6","81","73"
"DOM text reinterpreted as HTML","Reinterpreting text from the DOM as HTML can lead to a cross-site scripting vulnerability.","warning","[[""DOM text""|""relative:///themes/core/cleanslate/public/js/lte-ie7.js:319:10:319:37""]] is reinterpreted as HTML without escaping meta-characters.","/themes/core/cleanslate/public/js/lte-ie7.js","8","18","8","86"
"DOM text reinterpreted as HTML","Reinterpreting text from the DOM as HTML can lead to a cross-site scripting vulnerability.","warning","[[""DOM text""|""relative:///themes/downloaded/calipso/public/js/cleanslate-core.js:176:15:176:34""]] is reinterpreted as HTML without escaping meta-characters.","/themes/downloaded/calipso/public/js/cleanslate-core.js","78","6","81","73"
"DOM text reinterpreted as HTML","Reinterpreting text from the DOM as HTML can lead to a cross-site scripting vulnerability.","warning","[[""DOM text""|""relative:///themes/downloaded/calipso/public/js/lte-ie7.js:319:10:319:37""]] is reinterpreted as HTML without escaping meta-characters.","/themes/downloaded/calipso/public/js/lte-ie7.js","8","18","8","86"
"DOM text reinterpreted as HTML","Reinterpreting text from the DOM as HTML can lead to a cross-site scripting vulnerability.","warning","[[""DOM text""|""relative:///themes/downloaded/whichten/public/js/cleanslate-core.js:176:15:176:34""]] is reinterpreted as HTML without escaping meta-characters.","/themes/downloaded/whichten/public/js/cleanslate-core.js","78","6","81","73"
"DOM text reinterpreted as HTML","Reinterpreting text from the DOM as HTML can lead to a cross-site scripting vulnerability.","warning","[[""DOM text""|""relative:///themes/downloaded/whichten/public/js/lte-ie7.js:319:10:319:37""]] is reinterpreted as HTML without escaping meta-characters.","/themes/downloaded/whichten/public/js/lte-ie7.js","8","18","8","86"
"DOM text reinterpreted as HTML","Reinterpreting text from the DOM as HTML can lead to a cross-site scripting vulnerability.","warning","[[""DOM text""|""relative:///tmp/iancrowther-whichten-df2aeef/public/js/cleanslate-core.js:176:15:176:34""]] is reinterpreted as HTML without escaping meta-characters.","/tmp/iancrowther-whichten-df2aeef/public/js/cleanslate-core.js","78","6","81","73"
"DOM text reinterpreted as HTML","Reinterpreting text from the DOM as HTML can lead to a cross-site scripting vulnerability.","warning","[[""DOM text""|""relative:///tmp/iancrowther-whichten-df2aeef/public/js/lte-ie7.js:319:10:319:37""]] is reinterpreted as HTML without escaping meta-characters.","/tmp/iancrowther-whichten-df2aeef/public/js/lte-ie7.js","8","18","8","86"
"Shell command built from environment values","Building a shell command string with values from the enclosing environment may cause subtle bugs or vulnerabilities.","warning","This shell command depends on an uncontrolled [[""absolute path""|""relative:///lib/calipso-cli.js:38:12:38:31""]].
This shell command depends on an uncontrolled [[""file name""|""relative:///lib/calipso-cli.js:38:12:38:31""]].","/lib/calipso-cli.js","414","12","414","33"
"Shell command built from environment values","Building a shell command string with values from the enclosing environment may cause subtle bugs or vulnerabilities.","warning","This shell command depends on an uncontrolled [[""absolute path""|""relative:///lib/calipso-cli.js:38:12:38:31""]].
This shell command depends on an uncontrolled [[""file name""|""relative:///lib/calipso-cli.js:38:12:38:31""]].","/lib/calipso-cli.js","423","10","423","27"
"Shell command built from environment values","Building a shell command string with values from the enclosing environment may cause subtle bugs or vulnerabilities.","warning","This shell command depends on an uncontrolled [[""absolute path""|""relative:///test/config.test.js:7:16:7:28""]].","/test/config.test.js","99","10","99","27"
"Shell command built from environment values","Building a shell command string with values from the enclosing environment may cause subtle bugs or vulnerabilities.","warning","This shell command depends on an uncontrolled [[""absolute path""|""relative:///test/lib.core.configuration.js:6:14:6:26""]].","/test/lib.core.configuration.js","198","8","198","25"
"Missing regular expression anchor","Regular expressions without anchors can be vulnerable to bypassing.","warning","Misleading operator precedence. The subexpression '^before' is anchored at the beginning, but the other parts of this regular expression are not
Misleading operator precedence. The subexpression 'after$' is anchored at the end, but the other parts of this regular expression are not","/modules/community/screenswiki/public/js/jsTree/jquery.jstree.js","3744","47","3744","63"
"Missing regular expression anchor","Regular expressions without anchors can be vulnerable to bypassing.","warning","Misleading operator precedence. The subexpression '^before' is anchored at the beginning, but the other parts of this regular expression are not
Misleading operator precedence. The subexpression 'after$' is anchored at the end, but the other parts of this regular expression are not","/modules/core/aloha/public/lib/aloha-bare.js","70692","62","70692","78"
"Missing regular expression anchor","Regular expressions without anchors can be vulnerable to bypassing.","warning","Misleading operator precedence. The subexpression '^before' is anchored at the beginning, but the other parts of this regular expression are not
Misleading operator precedence. The subexpression 'after$' is anchored at the end, but the other parts of this regular expression are not","/modules/core/aloha/public/lib/aloha-full.js","82178","62","82178","78"
"Missing regular expression anchor","Regular expressions without anchors can be vulnerable to bypassing.","warning","Misleading operator precedence. The subexpression '^before' is anchored at the beginning, but the other parts of this regular expression are not
Misleading operator precedence. The subexpression 'after$' is anchored at the end, but the other parts of this regular expression are not","/modules/core/aloha/public/lib/aloha.js","71293","62","71293","78"
"Missing regular expression anchor","Regular expressions without anchors can be vulnerable to bypassing.","warning","Misleading operator precedence. The subexpression '^body' is anchored at the beginning, but the other parts of this regular expression are not
Misleading operator precedence. The subexpression 'html$' is anchored at the end, but the other parts of this regular expression are not","/modules/core/aloha/public/test/vendor/jquery-1.2.1.js","3273","37","3273","50"
"Missing regular expression anchor","Regular expressions without anchors can be vulnerable to bypassing.","warning","Misleading operator precedence. The subexpression '^inline' is anchored at the beginning, but the other parts of this regular expression are not
Misleading operator precedence. The subexpression 'table-row.*$' is anchored at the end, but the other parts of this regular expression are not","/modules/core/aloha/public/test/vendor/jquery-1.2.1.js","3275","18","3275","40"
"Missing regular expression anchor","Regular expressions without anchors can be vulnerable to bypassing.","warning","Misleading operator precedence. The subexpression '^mouse(over|out|down|up|move)' is anchored at the beginning, but the other parts of this regular expression are not
Misleading operator precedence. The subexpression '(dbl)?click$' is anchored at the end, but the other parts of this regular expression are not","/modules/core/aloha/public/test/vendor/jquery.simulate.js","40","11","40","54"
"Missing regular expression anchor","Regular expressions without anchors can be vulnerable to bypassing.","warning","Misleading operator precedence. The subexpression '^before' is anchored at the beginning, but the other parts of this regular expression are not
Misleading operator precedence. The subexpression 'after$' is anchored at the end, but the other parts of this regular expression are not","/themes/downloaded/calipso/public/js/jsTree/jquery.jstree.js","3744","47","3744","63"
"Missing regular expression anchor","Regular expressions without anchors can be vulnerable to bypassing.","warning","Misleading operator precedence. The subexpression '^before' is anchored at the beginning, but the other parts of this regular expression are not
Misleading operator precedence. The subexpression 'after$' is anchored at the end, but the other parts of this regular expression are not","/themes/downloaded/whichten/public/js/jsTree/jquery.jstree.js","3744","47","3744","63"
"Missing regular expression anchor","Regular expressions without anchors can be vulnerable to bypassing.","warning","Misleading operator precedence. The subexpression '^before' is anchored at the beginning, but the other parts of this regular expression are not
Misleading operator precedence. The subexpression 'after$' is anchored at the end, but the other parts of this regular expression are not","/tmp/iancrowther-whichten-df2aeef/public/js/jsTree/jquery.jstree.js","3744","47","3744","63"
